timestamp,day,bottle,species,density,measurement,incubator,temperature,resources,salinity,replicate,rownumber,biomass
20221107,0,b_01,ChlamydomonasClumpsSmall,9715.025906735751,flowcam,A,increasing,constant,constant,1,46,9.66914694300518e-6
20221107,0,b_02,ChlamydomonasClumpsSmall,11865.284974093263,flowcam,A,increasing,increasing,increasing,1,47,1.1796965595854922e-5
20221107,0,b_03,ChlamydomonasClumpsSmall,13626.943005181347,flowcam,A,increasing,increasing,constant,1,48,1.2852248549222797e-5
20221107,0,b_04,ChlamydomonasClumpsSmall,15466.321243523314,flowcam,A,increasing,constant,increasing,1,49,1.4911534041450776e-5
20221107,0,b_05,ChlamydomonasClumpsSmall,10233.160621761657,flowcam,B,constant,constant,increasing,1,50,9.942980569948185e-6
20221107,0,b_06,ChlamydomonasClumpsSmall,14806.201550387597,flowcam,B,constant,constant,constant,1,51,1.412898733850129e-5
20221107,0,b_07,ChlamydomonasClumpsSmall,13281.653746770027,flowcam,B,constant,increasing,increasing,1,52,1.2868657829457364e-5
20221107,0,b_08,ChlamydomonasClumpsSmall,13212.43523316062,flowcam,B,constant,increasing,constant,1,53,1.2765436373056995e-5
20221107,0,b_09,ChlamydomonasClumpsSmall,18727.272727272728,flowcam,C,constant,constant,increasing,2,54,1.7928346857142856e-5
20221107,0,b_10,ChlamydomonasClumpsSmall,20932.642487046633,flowcam,C,constant,increasing,constant,2,55,2.0687755544041448e-5
20221107,0,b_11,ChlamydomonasClumpsSmall,14559.585492227978,flowcam,C,constant,constant,constant,2,56,1.426008284974093e-5
20221107,0,b_12,ChlamydomonasClumpsSmall,12480.62015503876,flowcam,C,constant,increasing,increasing,2,57,1.2253686976744186e-5
20221107,0,b_13,ChlamydomonasClumpsSmall,13186.528497409327,flowcam,D,increasing,constant,constant,2,58,1.2472945077720206e-5
20221107,0,b_14,ChlamydomonasClumpsSmall,14689.119170984455,flowcam,D,increasing,increasing,constant,2,59,1.406176341968912e-5
20221107,0,b_15,ChlamydomonasClumpsSmall,13636.363636363636,flowcam,D,increasing,increasing,increasing,2,60,1.327994664935065e-5
20221107,0,b_16,ChlamydomonasClumpsSmall,11038.961038961039,flowcam,D,increasing,constant,increasing,2,61,1.0918709402597402e-5
20221107,0,b_17,ChlamydomonasClumpsSmall,10155.440414507771,flowcam,E,increasing,constant,increasing,3,62,9.88364176165803e-6
20221107,0,b_18,ChlamydomonasClumpsSmall,11766.233766233767,flowcam,E,increasing,increasing,constant,3,63,1.1369239844155844e-5
20221107,0,b_19,ChlamydomonasClumpsSmall,12779.22077922078,flowcam,E,increasing,constant,constant,3,64,1.255159922077922e-5
20221107,0,b_21,ChlamydomonasClumpsSmall,10388.601036269429,flowcam,F,constant,constant,increasing,3,65,9.888268238341968e-6
20221107,0,b_22,ChlamydomonasClumpsSmall,13012.987012987012,flowcam,F,constant,increasing,increasing,3,66,1.3080022909090908e-5
20221107,0,b_23,ChlamydomonasClumpsSmall,10984.455958549222,flowcam,F,constant,increasing,constant,3,67,1.1060243886010361e-5
20221107,0,b_24,ChlamydomonasClumpsSmall,10675.324675324675,flowcam,F,constant,constant,constant,3,68,1.0464262077922078e-5
20221107,0,b_25,ChlamydomonasClumpsSmall,13678.756476683937,flowcam,G,constant,constant,constant,4,69,1.3112075025906736e-5
20221107,0,b_28,ChlamydomonasClumpsSmall,14077.922077922078,flowcam,G,constant,increasing,increasing,4,70,1.3993391844155845e-5
20221107,0,b_29,ChlamydomonasClumpsSmall,10387.596899224807,flowcam,H,increasing,constant,constant,4,71,9.78308480620155e-6
20221107,0,b_30,ChlamydomonasClumpsSmall,13419.689119170984,flowcam,H,increasing,constant,increasing,4,72,1.2527583782383419e-5
20221107,0,b_31,ChlamydomonasClumpsSmall,11865.284974093263,flowcam,H,increasing,increasing,increasing,4,73,1.221090829015544e-5
20221107,0,b_32,ChlamydomonasClumpsSmall,11709.844559585492,flowcam,H,increasing,increasing,constant,4,74,1.1723337150259065e-5
20221107,0,b_20,ChlamydomonasClumpsSmall,13506.493506493507,flowcam,E,increasing,increasing,increasing,3,75,1.3317786753246752e-5
20221107,0,b_26,ChlamydomonasClumpsSmall,12331.60621761658,flowcam,G,constant,constant,increasing,4,76,1.23172210880829e-5
20221107,0,b_01,Small_cells,39222.797927461135,flowcam,A,increasing,constant,constant,1,77,6.589710500084336e-7
20221107,0,b_02,Small_cells,31295.336787564764,flowcam,A,increasing,increasing,increasing,1,78,5.01682467993973e-7
20221107,0,b_03,Small_cells,35077.720207253886,flowcam,A,increasing,increasing,constant,1,79,5.905443158469606e-7
20221107,0,b_04,Small_cells,41735.751295336784,flowcam,A,increasing,constant,increasing,1,80,6.043379062649864e-7
20221107,0,b_05,Small_cells,36373.05699481865,flowcam,B,constant,constant,increasing,1,81,5.722048750694522e-7
20221107,0,b_06,Small_cells,33126.6149870801,flowcam,B,constant,constant,constant,1,82,5.039349268028742e-7
20221107,0,b_07,Small_cells,40310.07751937985,flowcam,B,constant,increasing,increasing,1,83,6.139240006912515e-7
20221107,0,b_08,Small_cells,40077.720207253886,flowcam,B,constant,increasing,constant,1,84,5.765199643390104e-7
20221107,0,b_09,Small_cells,52987.01298701299,flowcam,C,constant,constant,increasing,2,85,7.901494722636213e-7
20221107,0,b_10,Small_cells,56813.47150259067,flowcam,C,constant,increasing,constant,2,86,8.951882463486002e-7
20221107,0,b_11,Small_cells,45336.78756476683,flowcam,C,constant,constant,constant,2,87,7.103001146571464e-7
20221107,0,b_12,Small_cells,39354.00516795866,flowcam,C,constant,increasing,increasing,2,88,5.846146256789322e-7
20221107,0,b_13,Small_cells,44145.07772020725,flowcam,D,increasing,constant,constant,2,89,6.883785129808687e-7
20221107,0,b_14,Small_cells,40025.90673575129,flowcam,D,increasing,increasing,constant,2,90,6.324855864053936e-7
20221107,0,b_15,Small_cells,42727.27272727273,flowcam,D,increasing,increasing,increasing,2,91,6.757158709887594e-7
20221107,0,b_16,Small_cells,39740.25974025974,flowcam,D,increasing,constant,increasing,2,92,6.082850318089935e-7
20221107,0,b_17,Small_cells,35492.22797927461,flowcam,E,increasing,constant,increasing,3,93,5.480955232606508e-7
20221107,0,b_18,Small_cells,36623.37662337662,flowcam,E,increasing,increasing,constant,3,94,5.941895799550914e-7
20221107,0,b_19,Small_cells,44649.35064935065,flowcam,E,increasing,constant,constant,3,95,6.879482426769533e-7
20221107,0,b_20,Small_cells,38519.48051948052,flowcam,E,increasing,increasing,increasing,3,96,6.123084943539879e-7
20221107,0,b_21,Small_cells,34481.86528497409,flowcam,F,constant,constant,increasing,3,97,5.21446125587934e-7
20221107,0,b_22,Small_cells,40337.66233766234,flowcam,F,constant,increasing,increasing,3,98,6.253688599587719e-7
20221107,0,b_23,Small_cells,38160.621761658025,flowcam,F,constant,increasing,constant,3,99,5.961132158297453e-7
20221107,0,b_24,Small_cells,43350.64935064935,flowcam,F,constant,constant,constant,3,100,6.922358053707666e-7
20221107,0,b_25,Small_cells,39222.797927461135,flowcam,G,constant,constant,constant,4,101,5.971689461690506e-7
20221107,0,b_26,Small_cells,35647.668393782384,flowcam,G,constant,constant,increasing,4,102,5.463266735808872e-7
20221107,0,b_27,Small_cells,46269.43005181347,flowcam,G,constant,increasing,constant,4,103,7.075132416988551e-7
20221107,0,b_28,Small_cells,43480.519480519484,flowcam,G,constant,increasing,increasing,4,104,6.878792820254132e-7
20221107,0,b_29,Small_cells,37390.18087855297,flowcam,H,increasing,constant,constant,4,105,5.905691390780178e-7
20221107,0,b_30,Small_cells,38652.84974093264,flowcam,H,increasing,constant,increasing,4,106,6.022259244021228e-7
20221107,0,b_31,Small_cells,36761.65803108808,flowcam,H,increasing,increasing,increasing,4,107,5.883159472138661e-7
20221107,0,b_32,Small_cells,36502.59067357513,flowcam,H,increasing,increasing,constant,4,108,5.70975248081456e-7
20221107,0,b_27,ChlamydomonasClumpsSmall,15751.295336787563,flowcam,G,constant,increasing,constant,4,109,1.5278989585492226e-5
20221107,0,b_01,DividingChlamydomonas,5103.626943005181,flowcam,A,increasing,constant,constant,1,110,1.6459938530220896e-6
20221107,0,b_02,DividingChlamydomonas,5544.041450777202,flowcam,A,increasing,increasing,increasing,1,111,1.8230090427133262e-6
20221107,0,b_03,DividingChlamydomonas,4948.186528497409,flowcam,A,increasing,increasing,constant,1,112,1.6486517033270505e-6
20221107,0,b_04,DividingChlamydomonas,5647.668393782383,flowcam,A,increasing,constant,increasing,1,113,1.968815133563763e-6
20221107,0,b_06,DividingChlamydomonas,7260.9819121447035,flowcam,B,constant,constant,constant,1,114,2.3526860329424115e-6
20221107,0,b_07,DividingChlamydomonas,5581.39534883721,flowcam,B,constant,increasing,increasing,1,115,1.9182477259069947e-6
20221107,0,b_08,DividingChlamydomonas,5440.41450777202,flowcam,B,constant,increasing,constant,1,116,1.6293638634006848e-6
20221107,0,b_09,DividingChlamydomonas,8493.506493506493,flowcam,C,constant,constant,increasing,2,117,2.924397763559925e-6
20221107,0,b_05,DividingChlamydomonas,4844.559585492228,flowcam,B,constant,constant,increasing,1,118,1.6545333789586473e-6
20221107,0,b_10,DividingChlamydomonas,10233.160621761657,flowcam,C,constant,increasing,constant,2,119,3.2906608322425054e-6
20221107,0,b_11,DividingChlamydomonas,7253.886010362694,flowcam,C,constant,constant,constant,2,120,2.5041031779130527e-6
20221107,0,b_12,DividingChlamydomonas,5322.997416020672,flowcam,C,constant,increasing,increasing,2,121,1.7767324326680589e-6
20221107,0,b_13,DividingChlamydomonas,5233.160621761658,flowcam,D,increasing,constant,constant,2,122,1.679113400869014e-6
20221107,0,b_14,DividingChlamydomonas,6787.564766839378,flowcam,D,increasing,increasing,constant,2,123,2.1676339830998126e-6
20221107,0,b_15,DividingChlamydomonas,5584.415584415585,flowcam,D,increasing,increasing,increasing,2,124,1.8455679756200569e-6
20221107,0,b_16,DividingChlamydomonas,5402.597402597403,flowcam,D,increasing,constant,increasing,2,125,1.929587719502947e-6
20221107,0,b_17,DividingChlamydomonas,4404.145077720207,flowcam,E,increasing,constant,increasing,3,126,1.5924553559341672e-6
20221107,0,b_18,DividingChlamydomonas,4987.012987012987,flowcam,E,increasing,increasing,constant,3,127,1.5651552098854816e-6
20221107,0,b_19,DividingChlamydomonas,5454.545454545455,flowcam,E,increasing,constant,constant,3,128,1.7690898554215694e-6
20221107,0,b_20,DividingChlamydomonas,5844.1558441558445,flowcam,E,increasing,increasing,increasing,3,129,2.030785424245893e-6
20221107,0,b_21,DividingChlamydomonas,3834.1968911917097,flowcam,F,constant,constant,increasing,3,130,1.2762225042919274e-6
20221107,0,b_22,DividingChlamydomonas,4987.012987012987,flowcam,F,constant,increasing,increasing,3,131,1.5455812182699887e-6
20221107,0,b_23,DividingChlamydomonas,5233.160621761658,flowcam,F,constant,increasing,constant,3,132,1.6216767976500259e-6
20221107,0,b_24,DividingChlamydomonas,4753.2467532467535,flowcam,F,constant,constant,constant,3,133,1.6584432966805548e-6
20221107,0,b_25,DividingChlamydomonas,5518.134715025906,flowcam,G,constant,constant,constant,4,134,1.9004290305723233e-6
20221107,0,b_26,DividingChlamydomonas,6088.082901554404,flowcam,G,constant,constant,increasing,4,135,1.9763524178822673e-6
20221107,0,b_27,DividingChlamydomonas,5569.948186528497,flowcam,G,constant,increasing,constant,4,136,1.8490975320371004e-6
20221107,0,b_01,ChlamydomonasClumpsLarge,6217.616580310881,flowcam,A,increasing,constant,constant,1,913,2.837775466321243e-5
20221107,0,b_02,ChlamydomonasClumpsLarge,6243.523316062176,flowcam,A,increasing,increasing,increasing,1,914,2.614191777202072e-5
20221107,0,b_03,ChlamydomonasClumpsLarge,6217.616580310881,flowcam,A,increasing,increasing,constant,1,915,2.6048611398963726e-5
20221107,0,b_04,ChlamydomonasClumpsLarge,6683.937823834197,flowcam,A,increasing,constant,increasing,1,916,2.5045050621761657e-5
20221107,0,b_05,ChlamydomonasClumpsLarge,4792.746113989637,flowcam,B,constant,constant,increasing,1,917,1.8767969067357513e-5
20221107,0,b_06,ChlamydomonasClumpsLarge,6795.865633074935,flowcam,B,constant,constant,constant,1,918,2.658899095607235e-5
20221107,0,b_07,ChlamydomonasClumpsLarge,5943.152454780362,flowcam,B,constant,increasing,increasing,1,919,2.4834417519379848e-5
20221107,0,b_08,ChlamydomonasClumpsLarge,5440.41450777202,flowcam,B,constant,increasing,constant,1,920,2.2936558290155437e-5
20221107,0,b_09,ChlamydomonasClumpsLarge,6597.402597402597,flowcam,C,constant,constant,increasing,2,921,2.5611288987012986e-5
20221107,0,b_10,ChlamydomonasClumpsLarge,6813.4715025906735,flowcam,C,constant,increasing,constant,2,922,2.3067020725388597e-5
20221107,0,b_11,ChlamydomonasClumpsLarge,5777.20207253886,flowcam,C,constant,constant,constant,2,923,2.1057012694300514e-5
20221107,0,b_12,ChlamydomonasClumpsLarge,6718.3462532299745,flowcam,C,constant,increasing,increasing,2,924,2.6574170232558142e-5
20221107,0,b_13,ChlamydomonasClumpsLarge,5492.227979274611,flowcam,D,increasing,constant,constant,2,925,1.9718234455958547e-5
20221107,0,b_14,ChlamydomonasClumpsLarge,8186.528497409326,flowcam,D,increasing,increasing,constant,2,926,3.312656777202072e-5
20221107,0,b_15,ChlamydomonasClumpsLarge,7324.675324675325,flowcam,D,increasing,increasing,increasing,2,927,3.184661288311688e-5
20221107,0,b_16,ChlamydomonasClumpsLarge,5272.727272727273,flowcam,D,increasing,constant,increasing,2,928,2.0160857246753248e-5
20221107,0,b_17,ChlamydomonasClumpsLarge,6321.243523316062,flowcam,E,increasing,constant,increasing,3,929,2.7253151191709846e-5
20221107,0,b_18,ChlamydomonasClumpsLarge,7038.961038961039,flowcam,E,increasing,increasing,constant,3,930,2.9215693714285716e-5
20221107,0,b_19,ChlamydomonasClumpsLarge,6701.298701298701,flowcam,E,increasing,constant,constant,3,931,2.6794318753246753e-5
20221107,0,b_20,ChlamydomonasClumpsLarge,5246.7532467532465,flowcam,E,increasing,increasing,increasing,3,932,1.9880901038961036e-5
20221107,0,b_21,ChlamydomonasClumpsLarge,5103.626943005181,flowcam,F,constant,constant,increasing,3,933,2.06103510880829e-5
20221107,0,b_22,ChlamydomonasClumpsLarge,5480.519480519481,flowcam,F,constant,increasing,increasing,3,934,2.013501787012987e-5
20221107,0,b_23,ChlamydomonasClumpsLarge,6295.336787564766,flowcam,F,constant,increasing,constant,3,935,2.5680309896373054e-5
20221107,0,b_24,ChlamydomonasClumpsLarge,4051.948051948052,flowcam,F,constant,constant,constant,3,936,1.8906821922077922e-5
20221107,0,b_25,ChlamydomonasClumpsLarge,6761.658031088083,flowcam,G,constant,constant,constant,4,937,2.9071998134715024e-5
20221107,0,b_26,ChlamydomonasClumpsLarge,6839.378238341968,flowcam,G,constant,constant,increasing,4,938,2.760830051813471e-5
20221107,0,b_27,ChlamydomonasClumpsLarge,5699.4818652849735,flowcam,G,constant,increasing,constant,4,939,2.0825717409326425e-5
20221107,0,b_28,ChlamydomonasClumpsLarge,6051.948051948052,flowcam,G,constant,increasing,increasing,4,940,2.187013231168831e-5
20221107,0,b_29,ChlamydomonasClumpsLarge,5374.67700258398,flowcam,H,increasing,constant,constant,4,941,2.2700729405684757e-5
20221107,0,b_30,ChlamydomonasClumpsLarge,5751.295336787564,flowcam,H,increasing,constant,increasing,4,942,2.3747204455958547e-5
20221107,0,b_31,ChlamydomonasClumpsLarge,6580.310880829015,flowcam,H,increasing,increasing,increasing,4,943,2.699448321243523e-5
20221107,0,b_32,ChlamydomonasClumpsLarge,6994.818652849741,flowcam,H,increasing,increasing,constant,4,944,3.106103751295336e-5
20221107,0,b_01,Chlamydomonas,10051.81347150259,flowcam,A,increasing,constant,constant,1,945,1.4881939920771488e-6
20221107,0,b_02,Chlamydomonas,8860.103626943004,flowcam,A,increasing,increasing,increasing,1,946,1.2699063343915486e-6
20221107,0,b_03,Chlamydomonas,11424.870466321243,flowcam,A,increasing,increasing,constant,1,947,1.6788828400420566e-6
20221107,0,b_04,Chlamydomonas,11295.336787564765,flowcam,A,increasing,constant,increasing,1,948,2.086895595800957e-6
20221107,0,b_05,Chlamydomonas,8808.290155440414,flowcam,B,constant,constant,increasing,1,949,1.6083297351164246e-6
20221107,0,b_06,Chlamydomonas,11653.74677002584,flowcam,B,constant,constant,constant,1,950,1.8841088446931334e-6
20221107,0,b_07,Chlamydomonas,11447.02842377261,flowcam,B,constant,increasing,increasing,1,951,1.792700572702025e-6
20221107,0,b_08,Chlamydomonas,11476.683937823833,flowcam,B,constant,increasing,constant,1,952,1.7449167383117153e-6
20221107,0,b_09,Chlamydomonas,15480.51948051948,flowcam,C,constant,constant,increasing,2,953,2.6045771423152584e-6
20221107,0,b_10,Chlamydomonas,19715.02590673575,flowcam,C,constant,increasing,constant,2,954,3.2471984478342017e-6
20221107,0,b_11,Chlamydomonas,14585.492227979274,flowcam,C,constant,constant,constant,2,955,2.271458014260443e-6
20221107,0,b_12,Chlamydomonas,11007.751937984496,flowcam,C,constant,increasing,increasing,2,956,1.9357303011281786e-6
20221107,0,b_13,Chlamydomonas,11502.590673575129,flowcam,D,increasing,constant,constant,2,957,1.7423284373404752e-6
20221107,0,b_14,Chlamydomonas,12331.60621761658,flowcam,D,increasing,increasing,constant,2,958,1.7781335824293413e-6
20221107,0,b_15,Chlamydomonas,11376.623376623376,flowcam,D,increasing,increasing,increasing,2,959,1.92154071251395e-6
20221107,0,b_16,Chlamydomonas,10545.454545454546,flowcam,D,increasing,constant,increasing,2,960,1.7025440334378487e-6
20221107,0,b_17,Chlamydomonas,10725.38860103627,flowcam,E,increasing,constant,increasing,3,961,1.6494381656371355e-6
20221107,0,b_18,Chlamydomonas,10311.688311688311,flowcam,E,increasing,increasing,constant,3,962,1.543697642177009e-6
20221107,0,b_19,Chlamydomonas,12805.194805194806,flowcam,E,increasing,constant,constant,3,963,1.7522524507803457e-6
20221107,0,b_20,Chlamydomonas,12363.636363636364,flowcam,E,increasing,increasing,increasing,3,964,1.9673562763604322e-6
20221107,0,b_21,Chlamydomonas,10077.720207253886,flowcam,F,constant,constant,increasing,3,965,1.4221469256238376e-6
20221107,0,b_22,Chlamydomonas,11272.727272727272,flowcam,F,constant,increasing,increasing,3,966,1.4749021637739632e-6
20221107,0,b_24,Chlamydomonas,12077.922077922078,flowcam,F,constant,constant,constant,3,967,1.6981033486069014e-6
20221107,0,b_25,Chlamydomonas,11761.658031088082,flowcam,G,constant,constant,constant,4,968,1.9481723217009686e-6
20221107,0,b_26,Chlamydomonas,9170.984455958549,flowcam,G,constant,constant,increasing,4,969,1.6489004378198726e-6
20221107,0,b_27,Chlamydomonas,12461.139896373057,flowcam,G,constant,increasing,constant,4,970,1.82848552766143e-6
20221107,0,b_28,Chlamydomonas,12753.246753246753,flowcam,G,constant,increasing,increasing,4,971,2.014204114431408e-6
20221107,0,b_29,Chlamydomonas,10310.077519379845,flowcam,H,increasing,constant,constant,4,972,1.424416223246964e-6
20221107,0,b_30,Chlamydomonas,11917.098445595855,flowcam,H,increasing,constant,increasing,4,973,1.7658035592426413e-6
20221107,0,b_31,Chlamydomonas,10518.134715025906,flowcam,H,increasing,increasing,increasing,4,974,1.5838139955226911e-6
20221107,0,b_32,Chlamydomonas,9715.025906735751,flowcam,H,increasing,increasing,constant,4,975,1.5892704097360296e-6
20221107,0,b_23,Chlamydomonas,10284.974093264249,flowcam,F,constant,increasing,constant,3,976,1.358528470450579e-6
20221107,0,b_28,DividingChlamydomonas,6051.948051948052,flowcam,G,constant,increasing,increasing,4,1075,2.1222750841720703e-6
20221107,0,b_29,DividingChlamydomonas,5064.599483204134,flowcam,H,increasing,constant,constant,4,1076,1.7153438660847505e-6
20221107,0,b_31,DividingChlamydomonas,5518.134715025906,flowcam,H,increasing,increasing,increasing,4,1077,1.9222903833245667e-6
20221107,0,b_32,DividingChlamydomonas,5025.906735751295,flowcam,H,increasing,increasing,constant,4,1078,1.7317961158691427e-6
20221107,0,b_30,DividingChlamydomonas,6243.523316062176,flowcam,H,increasing,constant,increasing,4,1079,1.9567907766396814e-6
20221107,0,b_01,Colpidium,228.87197600000002,bemovi_mag_25,A,increasing,constant,constant,1,169,1.6204360128111505e-5
20221107,0,b_02,Colpidium,257.286248,bemovi_mag_25,A,increasing,increasing,increasing,1,170,1.46298445197079e-5
20221107,0,b_03,Colpidium,179.77012,bemovi_mag_25,A,increasing,increasing,constant,1,171,1.1415055006633405e-5
20221107,0,b_04,Colpidium,183.010344,bemovi_mag_25,A,increasing,constant,increasing,1,172,1.0782373636973526e-5
20221107,0,b_05,Colpidium,194.78731199999999,bemovi_mag_25,B,constant,constant,increasing,1,173,1.3229409802085068e-5
20221107,0,b_06,Colpidium,112.660096,bemovi_mag_25,B,constant,constant,constant,1,174,8.100208342662277e-6
20221107,0,b_07,Colpidium,181.20329600000002,bemovi_mag_25,B,constant,increasing,increasing,1,175,1.066017801086004e-5
20221107,0,b_08,Colpidium,276.229096,bemovi_mag_25,B,constant,increasing,constant,1,176,1.675353159601341e-5
20221107,0,b_09,Colpidium,150.981976,bemovi_mag_25,C,constant,constant,increasing,2,177,9.351990684483339e-6
20221107,0,b_10,Colpidium,146.74476,bemovi_mag_25,C,constant,increasing,constant,2,178,1.0377255644783865e-5
20221107,0,b_11,Colpidium,255.10532800000001,bemovi_mag_25,C,constant,constant,constant,2,179,1.6830773858485945e-5
20221107,0,b_12,Colpidium,111.72541600000001,bemovi_mag_25,C,constant,increasing,increasing,2,180,7.962122410012715e-6
20221107,0,b_13,Colpidium,234.729304,bemovi_mag_25,D,increasing,constant,constant,2,181,1.4931085072489799e-5
20221107,0,b_14,Colpidium,255.29226400000002,bemovi_mag_25,D,increasing,increasing,constant,2,182,1.598802038610834e-5
20221107,0,b_15,Colpidium,248.562568,bemovi_mag_25,D,increasing,increasing,increasing,2,183,1.4090536312575038e-5
20221107,0,b_16,Colpidium,200.083832,bemovi_mag_25,D,increasing,constant,increasing,2,184,1.3699920599765448e-5
20221107,0,b_17,Colpidium,134.718544,bemovi_mag_25,E,increasing,constant,increasing,3,185,8.676703822286501e-6
20221107,0,b_18,Colpidium,241.459,bemovi_mag_25,E,increasing,increasing,constant,3,186,1.4933910515567473e-5
20221107,0,b_19,Colpidium,274.733608,bemovi_mag_25,E,increasing,constant,constant,3,187,1.7329106378972488e-5
20221107,0,b_20,Colpidium,179.271624,bemovi_mag_25,E,increasing,increasing,increasing,3,188,1.2336314440969798e-5
20221107,0,b_21,Colpidium,252.862096,bemovi_mag_25,F,constant,constant,increasing,3,189,1.5470971941400575e-5
20221107,0,b_22,Colpidium,275.10748,bemovi_mag_25,F,constant,increasing,increasing,3,190,1.4551369990285649e-5
20221107,0,b_23,Colpidium,256.16463200000004,bemovi_mag_25,F,constant,increasing,constant,3,191,1.4004380612944128e-5
20221107,0,b_24,Colpidium,267.131544,bemovi_mag_25,F,constant,constant,constant,3,192,1.594442502319929e-5
20221107,0,b_25,Colpidium,122.19383200000001,bemovi_mag_25,G,constant,constant,constant,4,193,8.10040099530421e-6
20221107,0,b_26,Colpidium,261.897336,bemovi_mag_25,G,constant,constant,increasing,4,194,1.4856545683577397e-5
20221107,0,b_27,Colpidium,210.739184,bemovi_mag_25,G,constant,increasing,constant,4,195,1.436210572826709e-5
20221107,0,b_28,Colpidium,138.02107999999998,bemovi_mag_25,G,constant,increasing,increasing,4,196,8.068236577530442e-6
20221107,0,b_29,Colpidium,185.3782,bemovi_mag_25,H,increasing,constant,constant,4,197,1.1943985204523203e-5
20221107,0,b_30,Colpidium,254.85608,bemovi_mag_25,H,increasing,constant,increasing,4,198,1.2678940222127107e-5
20221107,0,b_31,Colpidium,231.11520800000002,bemovi_mag_25,H,increasing,increasing,increasing,4,199,1.3184443270218616e-5
20221107,0,b_32,Colpidium,171.42031200000002,bemovi_mag_25,H,increasing,increasing,constant,4,200,1.1533309714393983e-5
20221107,0,b_01,Coleps_irchel,359.17344,bemovi_mag_16,A,increasing,constant,constant,1,201,2.4771268729390205e-4
20221107,0,b_02,Coleps_irchel,315.78336,bemovi_mag_16,A,increasing,increasing,increasing,1,202,2.2136012571606238e-4
20221107,0,b_03,Coleps_irchel,399.34944,bemovi_mag_16,A,increasing,increasing,constant,1,203,2.621917029242376e-4
20221107,0,b_04,Coleps_irchel,454.39056000000005,bemovi_mag_16,A,increasing,constant,increasing,1,204,2.847142708541337e-4
20221107,0,b_05,Coleps_irchel,292.18665599999997,bemovi_mag_16,B,constant,constant,increasing,1,205,1.8872995070951358e-4
20221107,0,b_06,Coleps_irchel,378.698976,bemovi_mag_16,B,constant,constant,constant,1,206,2.4243281474550435e-4
20221107,0,b_07,Coleps_irchel,364.610592,bemovi_mag_16,B,constant,increasing,increasing,1,207,2.1545502202187738e-4
20221107,0,b_08,Coleps_irchel,278.28576,bemovi_mag_16,B,constant,increasing,constant,1,208,1.8570726381206417e-4
20221107,0,b_09,Coleps_irchel,313.881696,bemovi_mag_16,C,constant,constant,increasing,2,209,2.0763145876299778e-4
20221107,0,b_10,Coleps_irchel,396.08179200000006,bemovi_mag_16,C,constant,increasing,constant,2,210,2.6391272006399047e-4
20221107,0,b_11,Coleps_irchel,545.3222400000001,bemovi_mag_16,C,constant,constant,constant,2,211,3.669360499085413e-4
20221107,0,b_12,Coleps_irchel,342.728064,bemovi_mag_16,C,constant,increasing,increasing,2,212,2.215041695236445e-4
20221107,0,b_13,Coleps_irchel,234.708192,bemovi_mag_16,D,increasing,constant,constant,2,213,1.4864445657602945e-4
20221107,0,b_14,Coleps_irchel,303.22166400000003,bemovi_mag_16,D,increasing,increasing,constant,2,214,1.9195955846331293e-4
20221107,0,b_15,Coleps_irchel,302.284224,bemovi_mag_16,D,increasing,increasing,increasing,2,215,2.0417888610232287e-4
20221107,0,b_16,Coleps_irchel,327.94329600000003,bemovi_mag_16,D,increasing,constant,increasing,2,216,2.1697482993927257e-4
20221107,0,b_17,Coleps_irchel,420.64272000000005,bemovi_mag_16,E,increasing,constant,increasing,3,217,2.7873885191619785e-4
20221107,0,b_18,Coleps_irchel,404.116992,bemovi_mag_16,E,increasing,increasing,constant,3,218,2.6232520649608693e-4
20221107,0,b_19,Coleps_irchel,389.41257600000006,bemovi_mag_16,E,increasing,constant,constant,3,219,2.670170461172717e-4
20221107,0,b_20,Coleps_irchel,382.796928,bemovi_mag_16,E,increasing,increasing,increasing,3,220,2.6141936186067113e-4
20221107,0,b_21,Coleps_irchel,245.180736,bemovi_mag_16,F,constant,constant,increasing,3,221,1.6738847106134561e-4
20221107,0,b_23,Coleps_irchel,448.069536,bemovi_mag_16,F,constant,increasing,constant,3,222,3.0371462581077203e-4
20221107,0,b_24,Coleps_irchel,361.289376,bemovi_mag_16,F,constant,constant,constant,3,223,2.1778393471019505e-4
20221107,0,b_25,Coleps_irchel,358.396704,bemovi_mag_16,G,constant,constant,constant,4,224,2.2336709581076815e-4
20221107,0,b_26,Coleps_irchel,308.203488,bemovi_mag_16,G,constant,constant,increasing,4,225,1.889451822407542e-4
20221107,0,b_27,Coleps_irchel,352.236384,bemovi_mag_16,G,constant,increasing,constant,4,226,2.390506061814743e-4
20221107,0,b_28,Coleps_irchel,475.14816,bemovi_mag_16,G,constant,increasing,increasing,4,227,3.0521421469569e-4
20221107,0,b_29,Coleps_irchel,315.970848,bemovi_mag_16,H,increasing,constant,constant,4,228,2.104050315169752e-4
20221107,0,b_30,Coleps_irchel,414.34848,bemovi_mag_16,H,increasing,constant,increasing,4,229,2.590095039208078e-4
20221107,0,b_31,Coleps_irchel,498.155616,bemovi_mag_16,H,increasing,increasing,increasing,4,230,3.308380620758573e-4
20221107,0,b_32,Coleps_irchel,346.129632,bemovi_mag_16,H,increasing,increasing,constant,4,231,2.1634915280802796e-4
20221107,0,b_01,Stylonychia2,217.84275200000002,bemovi_mag_25,A,increasing,constant,constant,1,264,5.5299196580022e-6
20221107,0,b_02,Stylonychia2,118.01892799999999,bemovi_mag_25,A,increasing,increasing,increasing,1,265,4.106965467758952e-6
20221107,0,b_03,Stylonychia2,137.647208,bemovi_mag_25,A,increasing,increasing,constant,1,266,5.512505475603282e-6
20221107,0,b_04,Stylonychia2,129.60896,bemovi_mag_25,A,increasing,constant,increasing,1,267,6.558610224901034e-6
20221107,0,b_05,Stylonychia2,228.99660000000003,bemovi_mag_25,B,constant,constant,increasing,1,268,8.708579669527624e-6
20221107,0,b_06,Stylonychia2,152.35284000000001,bemovi_mag_25,B,constant,constant,constant,1,269,7.464744667591815e-6
20221107,0,b_07,Stylonychia2,165.562984,bemovi_mag_25,B,constant,increasing,increasing,1,270,5.091886306421562e-6
20221107,0,b_08,Stylonychia2,196.65667200000001,bemovi_mag_25,B,constant,increasing,constant,1,271,7.2975228807207285e-6
20221107,0,b_09,Stylonychia2,106.304272,bemovi_mag_25,C,constant,constant,increasing,2,272,3.1081552563947725e-6
20221107,0,b_10,Stylonychia2,150.234232,bemovi_mag_25,C,constant,increasing,constant,2,273,3.754010580349516e-6
20221107,0,b_11,Stylonychia2,148.92568,bemovi_mag_25,C,constant,constant,constant,2,274,7.186429623702822e-6
20221107,0,b_12,Stylonychia2,153.038272,bemovi_mag_25,C,constant,increasing,increasing,2,275,6.917341819957103e-6
20221107,0,b_13,Stylonychia2,153.97295200000002,bemovi_mag_25,D,increasing,constant,constant,2,276,4.266241853765028e-6
20221107,0,b_14,Stylonychia2,235.35242399999998,bemovi_mag_25,D,increasing,increasing,constant,2,277,1.0126868621776052e-5
20221107,0,b_15,Stylonychia2,148.17793600000002,bemovi_mag_25,D,increasing,increasing,increasing,2,278,5.209213774242274e-6
20221107,0,b_16,Stylonychia2,236.287104,bemovi_mag_25,D,increasing,constant,increasing,2,279,9.741882917142842e-6
20221107,0,b_17,Stylonychia2,183.072656,bemovi_mag_25,E,increasing,constant,increasing,3,280,5.590870633214625e-6
20221107,0,b_18,Stylonychia2,230.803648,bemovi_mag_25,E,increasing,increasing,constant,3,281,1.0569211287881315e-5
20221107,0,b_19,Stylonychia2,192.79332800000003,bemovi_mag_25,E,increasing,constant,constant,3,282,6.485489417667322e-6
20221107,0,b_20,Stylonychia2,182.013352,bemovi_mag_25,E,increasing,increasing,increasing,3,283,5.966693508894141e-6
20221107,0,b_21,Stylonychia2,206.43965599999999,bemovi_mag_25,F,constant,constant,increasing,3,284,7.040344766050687e-6
20221107,0,b_22,Stylonychia2,121.944584,bemovi_mag_25,F,constant,increasing,increasing,3,285,3.885160228564806e-6
20221107,0,b_23,Stylonychia2,186.56212800000003,bemovi_mag_25,F,constant,increasing,constant,3,286,9.856145358891597e-6
20221107,0,b_24,Stylonychia2,233.545376,bemovi_mag_25,F,constant,constant,constant,3,287,8.352365225400047e-6
20221107,0,b_25,Stylonychia2,227.37648800000002,bemovi_mag_25,G,constant,constant,constant,4,288,9.339406012330888e-6
20221107,0,b_26,Stylonychia2,180.39324,bemovi_mag_25,G,constant,constant,increasing,4,289,7.2267053061313665e-6
20221107,0,b_27,Stylonychia2,169.052456,bemovi_mag_25,G,constant,increasing,constant,4,290,5.391153191257025e-6
20221107,0,b_28,Stylonychia2,145.18696,bemovi_mag_25,G,constant,increasing,increasing,4,291,5.293547774082946e-6
20221107,0,b_29,Stylonychia2,209.181384,bemovi_mag_25,H,increasing,constant,constant,4,292,8.155588349713999e-6
20221107,0,b_30,Stylonychia2,223.575456,bemovi_mag_25,H,increasing,constant,increasing,4,293,7.95098315244396e-6
20221107,0,b_31,Stylonychia2,175.657528,bemovi_mag_25,H,increasing,increasing,increasing,4,294,5.137011404677118e-6
20221107,0,b_32,Stylonychia2,175.844464,bemovi_mag_25,H,increasing,increasing,constant,4,295,6.3533375112831e-6
20221107,0,b_22,Coleps_irchel,284.071104,bemovi_mag_16,F,constant,increasing,increasing,3,296,1.8340648819361165e-4
20221107,0,b_01,Paramecium_bursaria,19.752904,bemovi_mag_25,A,increasing,constant,constant,1,329,3.316629920750542e-6
20221107,0,b_02,Paramecium_bursaria,18.506664,bemovi_mag_25,A,increasing,increasing,increasing,1,330,3.612982235322439e-6
20221107,0,b_03,Paramecium_bursaria,13.085519999999999,bemovi_mag_25,A,increasing,increasing,constant,1,331,2.7528439051127533e-6
20221107,0,b_04,Paramecium_bursaria,73.83972,bemovi_mag_25,A,increasing,constant,increasing,1,332,1.3765958963796017e-5
20221107,0,b_05,Paramecium_bursaria,81.815656,bemovi_mag_25,B,constant,constant,increasing,1,333,1.9417836144732707e-5
20221107,0,b_06,Paramecium_bursaria,78.82468,bemovi_mag_25,B,constant,constant,constant,1,334,1.736191296265978e-5
20221107,0,b_07,Paramecium_bursaria,76.519136,bemovi_mag_25,B,constant,increasing,increasing,1,335,1.590005197265691e-5
20221107,0,b_08,Paramecium_bursaria,47.793304000000006,bemovi_mag_25,B,constant,increasing,constant,1,336,9.110778180477345e-6
20221107,0,b_09,Paramecium_bursaria,84.183512,bemovi_mag_25,C,constant,constant,increasing,2,337,1.8906295354798393e-5
20221107,0,b_10,Paramecium_bursaria,68.107016,bemovi_mag_25,C,constant,increasing,constant,2,338,1.7349560739550993e-5
20221107,0,b_11,Paramecium_bursaria,54.709936000000006,bemovi_mag_25,C,constant,constant,constant,2,339,1.2031693318400486e-5
20221107,0,b_12,Paramecium_bursaria,60.255703999999994,bemovi_mag_25,C,constant,increasing,increasing,2,340,1.5216464257823504e-5
20221107,0,b_13,Paramecium_bursaria,116.39881600000001,bemovi_mag_25,D,increasing,constant,constant,2,341,2.431662978532261e-5
20221107,0,b_14,Paramecium_bursaria,34.832408,bemovi_mag_25,D,increasing,increasing,constant,2,342,6.4405213844512535e-6
20221107,0,b_15,Paramecium_bursaria,77.142256,bemovi_mag_25,D,increasing,increasing,increasing,2,343,1.7113048425735475e-5
20221107,0,b_16,Paramecium_bursaria,37.69876,bemovi_mag_25,D,increasing,constant,increasing,2,344,9.687511177156992e-6
20221107,0,b_17,Paramecium_bursaria,69.10400800000001,bemovi_mag_25,E,increasing,constant,increasing,3,345,1.6615259849694905e-5
20221107,0,b_18,Paramecium_bursaria,87.922232,bemovi_mag_25,E,increasing,increasing,constant,3,346,1.975017414501367e-5
20221107,0,b_19,Paramecium_bursaria,73.154288,bemovi_mag_25,E,increasing,constant,constant,3,347,1.4111856519125117e-5
20221107,0,b_20,Paramecium_bursaria,42.122912,bemovi_mag_25,E,increasing,increasing,increasing,3,348,1.1126984024775441e-5
20221107,0,b_21,Paramecium_bursaria,60.504952,bemovi_mag_25,F,constant,constant,increasing,3,349,9.989383165317416e-6
20221107,0,b_22,Paramecium_bursaria,53.089824,bemovi_mag_25,F,constant,increasing,increasing,3,350,1.0104975025632093e-5
20221107,0,b_23,Paramecium_bursaria,59.632584,bemovi_mag_25,F,constant,increasing,constant,3,351,1.413633299547652e-5
20221107,0,b_24,Paramecium_bursaria,55.706928000000005,bemovi_mag_25,F,constant,constant,constant,3,352,1.1982416188934883e-5
20221107,0,b_25,Paramecium_bursaria,70.35024800000001,bemovi_mag_25,G,constant,constant,constant,4,353,1.7605532390485462e-5
20221107,0,b_26,Paramecium_bursaria,19.503656,bemovi_mag_25,G,constant,constant,increasing,4,354,4.251227989332771e-6
20221107,0,b_27,Paramecium_bursaria,24.550928,bemovi_mag_25,G,constant,increasing,constant,4,355,3.6242891541193897e-6
20221107,0,b_28,Paramecium_bursaria,32.776112,bemovi_mag_25,G,constant,increasing,increasing,4,356,6.911433889234733e-6
20221107,0,b_29,Paramecium_bursaria,41.562104000000005,bemovi_mag_25,H,increasing,constant,constant,4,357,8.307185284524159e-6
20221107,0,b_30,Paramecium_bursaria,36.14096,bemovi_mag_25,H,increasing,constant,increasing,4,358,7.67015020895421e-6
20221107,0,b_31,Paramecium_bursaria,36.701768,bemovi_mag_25,H,increasing,increasing,increasing,4,359,7.910093178573248e-6
20221107,0,b_32,Paramecium_bursaria,54.086816,bemovi_mag_25,H,increasing,increasing,constant,4,360,1.1202998322084365e-5
20221107,0,b_01,Coleps_irchel,493.8226,bemovi_mag_25,A,increasing,constant,constant,1,425,2.6501374717545725e-5
20221107,0,b_02,Coleps_irchel,374.557432,bemovi_mag_25,A,increasing,increasing,increasing,1,426,2.121280778408562e-5
20221107,0,b_03,Coleps_irchel,668.2962,bemovi_mag_25,A,increasing,increasing,constant,1,427,3.9537464456658156e-5
20221107,0,b_04,Coleps_irchel,470.14404,bemovi_mag_25,A,increasing,constant,increasing,1,428,2.6512546741376636e-5
20221107,0,b_05,Coleps_irchel,331.312904,bemovi_mag_25,B,constant,constant,increasing,1,429,1.869160938158621e-5
20221107,0,b_06,Coleps_irchel,445.343864,bemovi_mag_25,B,constant,constant,constant,1,430,2.6764397947814963e-5
20221107,0,b_07,Coleps_irchel,371.878016,bemovi_mag_25,B,constant,increasing,increasing,1,431,1.701305776904528e-5
20221107,0,b_08,Coleps_irchel,458.367072,bemovi_mag_25,B,constant,increasing,constant,1,432,2.0195440365947004e-5
20221107,0,b_09,Coleps_irchel,365.14832,bemovi_mag_25,C,constant,constant,increasing,2,433,1.9670072078044776e-5
20221107,0,b_10,Coleps_irchel,671.224864,bemovi_mag_25,C,constant,increasing,constant,2,434,4.10568220337978e-5
20221107,0,b_12,Coleps_irchel,477.995352,bemovi_mag_25,C,constant,increasing,increasing,2,435,2.6632003325821862e-5
20221107,0,b_13,Coleps_irchel,404.654128,bemovi_mag_25,D,increasing,constant,constant,2,436,2.010454135670715e-5
20221107,0,b_14,Coleps_irchel,311.933872,bemovi_mag_25,D,increasing,increasing,constant,2,437,1.7359085217811497e-5
20221107,0,b_15,Coleps_irchel,395.99276000000003,bemovi_mag_25,D,increasing,increasing,increasing,2,438,2.1336354327921306e-5
20221107,0,b_16,Coleps_irchel,313.30473600000005,bemovi_mag_25,D,increasing,constant,increasing,2,439,1.673901515221292e-5
20221107,0,b_17,Coleps_irchel,486.220536,bemovi_mag_25,E,increasing,constant,increasing,3,440,2.574967421602052e-5
20221107,0,b_18,Coleps_irchel,566.603016,bemovi_mag_25,E,increasing,increasing,constant,3,441,2.7664119359978456e-5
20221107,0,b_19,Coleps_irchel,393.936464,bemovi_mag_25,E,increasing,constant,constant,3,442,2.168877028787858e-5
20221107,0,b_20,Coleps_irchel,530.025872,bemovi_mag_25,E,increasing,increasing,increasing,3,443,2.3692323200945177e-5
20221107,0,b_22,Coleps_irchel,304.518744,bemovi_mag_25,F,constant,increasing,increasing,3,444,1.5773329406917043e-5
20221107,0,b_23,Coleps_irchel,458.055512,bemovi_mag_25,F,constant,increasing,constant,3,445,2.4483879971238816e-5
20221107,0,b_24,Coleps_irchel,319.90980800000006,bemovi_mag_25,F,constant,constant,constant,3,446,1.685119723878477e-5
20221107,0,b_25,Coleps_irchel,297.041304,bemovi_mag_25,G,constant,constant,constant,4,447,1.3679522796118365e-5
20221107,0,b_26,Coleps_irchel,378.171528,bemovi_mag_25,G,constant,constant,increasing,4,448,1.918664267165082e-5
20221107,0,b_27,Coleps_irchel,419.7959440000001,bemovi_mag_25,G,constant,increasing,constant,4,449,2.589153954298481e-5
20221107,0,b_29,Coleps_irchel,283.20804,bemovi_mag_25,H,increasing,constant,constant,4,450,1.4857252066602617e-5
20221107,0,b_30,Coleps_irchel,301.403144,bemovi_mag_25,H,increasing,constant,increasing,4,451,1.4233068311101392e-5
20221107,0,b_32,Coleps_irchel,329.817416,bemovi_mag_25,H,increasing,increasing,constant,4,452,1.6089202400873366e-5
20221107,0,b_21,Coleps_irchel,337.170232,bemovi_mag_25,F,constant,constant,increasing,3,453,1.8698680153409037e-5
20221107,0,b_28,Coleps_irchel,444.222248,bemovi_mag_25,G,constant,increasing,increasing,4,454,2.083003997823313e-5
20221107,0,b_01,Paramecium_bursaria,55.496448,bemovi_mag_16,A,increasing,constant,constant,1,487,1.1483427575027494e-4
20221107,0,b_02,Paramecium_bursaria,46.363104,bemovi_mag_16,A,increasing,increasing,increasing,1,488,9.094669414427409e-5
20221107,0,b_03,Paramecium_bursaria,58.22841600000001,bemovi_mag_16,A,increasing,increasing,constant,1,489,1.3599154417151906e-4
20221107,0,b_04,Paramecium_bursaria,75.182688,bemovi_mag_16,A,increasing,constant,increasing,1,490,1.8320831096183118e-4
20221107,0,b_05,Paramecium_bursaria,41.327712000000005,bemovi_mag_16,B,constant,constant,increasing,1,491,9.859279697509796e-5
20221107,0,b_06,Paramecium_bursaria,106.51996800000002,bemovi_mag_16,B,constant,constant,constant,1,492,2.847824377570316e-4
20221107,0,b_07,Paramecium_bursaria,59.192640000000004,bemovi_mag_16,B,constant,increasing,increasing,1,493,1.324011877264506e-4
20221107,0,b_08,Paramecium_bursaria,97.62768,bemovi_mag_16,B,constant,increasing,constant,1,494,2.1887645511617092e-4
20221107,0,b_09,Paramecium_bursaria,77.753952,bemovi_mag_16,C,constant,constant,increasing,2,495,1.729236372776948e-4
20221107,0,b_10,Paramecium_bursaria,47.488032000000004,bemovi_mag_16,C,constant,increasing,constant,2,496,1.1495204254248159e-4
20221107,0,b_11,Paramecium_bursaria,76.06656000000001,bemovi_mag_16,C,constant,constant,constant,2,497,1.8609653775192403e-4
20221107,0,b_12,Paramecium_bursaria,95.61888,bemovi_mag_16,C,constant,increasing,increasing,2,498,2.546551302115539e-4
20221107,0,b_13,Paramecium_bursaria,56.48745600000001,bemovi_mag_16,D,increasing,constant,constant,2,499,1.5343520485666668e-4
20221107,0,b_14,Paramecium_bursaria,39.586752000000004,bemovi_mag_16,D,increasing,increasing,constant,2,500,8.549956505842444e-5
20221107,0,b_15,Paramecium_bursaria,85.30704000000001,bemovi_mag_16,D,increasing,increasing,increasing,2,501,1.880235347196905e-4
20221107,0,b_16,Paramecium_bursaria,94.30646399999999,bemovi_mag_16,D,increasing,constant,increasing,2,502,2.2024274826336023e-4
20221107,0,b_17,Paramecium_bursaria,54.800064000000006,bemovi_mag_16,E,increasing,constant,increasing,3,503,1.2893152058051946e-4
20221107,0,b_18,Paramecium_bursaria,46.550592,bemovi_mag_16,E,increasing,increasing,constant,3,504,1.073269932354082e-4
20221107,0,b_19,Paramecium_bursaria,35.462016,bemovi_mag_16,E,increasing,constant,constant,3,505,7.443959121345024e-5
20221107,0,b_20,Paramecium_bursaria,46.122048,bemovi_mag_16,E,increasing,increasing,increasing,3,506,9.885816456896675e-5
20221107,0,b_21,Paramecium_bursaria,75.82550400000001,bemovi_mag_16,F,constant,constant,increasing,3,507,1.7395988357675279e-4
20221107,0,b_22,Paramecium_bursaria,63.317375999999996,bemovi_mag_16,F,constant,increasing,increasing,3,508,1.2470906334653126e-4
20221107,0,b_23,Paramecium_bursaria,59.246208,bemovi_mag_16,F,constant,increasing,constant,3,509,1.459475357952955e-4
20221107,0,b_24,Paramecium_bursaria,57.103488000000006,bemovi_mag_16,F,constant,constant,constant,3,510,1.2400708372252274e-4
20221107,0,b_25,Paramecium_bursaria,56.11248,bemovi_mag_16,G,constant,constant,constant,4,511,1.3588312094844923e-4
20221107,0,b_26,Paramecium_bursaria,52.068096,bemovi_mag_16,G,constant,constant,increasing,4,512,1.1305671320516398e-4
20221107,0,b_27,Paramecium_bursaria,71.727552,bemovi_mag_16,G,constant,increasing,constant,4,513,1.4726801514466746e-4
20221107,0,b_28,Paramecium_bursaria,42.345504,bemovi_mag_16,G,constant,increasing,increasing,4,514,9.478637778319582e-5
20221107,0,b_29,Paramecium_bursaria,36.828,bemovi_mag_16,H,increasing,constant,constant,4,515,8.603256741016714e-5
20221107,0,b_30,Paramecium_bursaria,67.147488,bemovi_mag_16,H,increasing,constant,increasing,4,516,1.5447325727886398e-4
20221107,0,b_31,Paramecium_bursaria,36.131616,bemovi_mag_16,H,increasing,increasing,increasing,4,517,7.919916417807004e-5
20221107,0,b_32,Paramecium_bursaria,68.75452800000001,bemovi_mag_16,H,increasing,increasing,constant,4,518,1.6105492315874568e-4
20221107,0,b_11,Coleps_irchel,824.0762000000001,bemovi_mag_25,C,constant,constant,constant,2,519,4.747847157840154e-5
20221107,0,b_31,Coleps_irchel,459.73793600000005,bemovi_mag_25,H,increasing,increasing,increasing,4,520,2.2967908646912156e-5
20221107,0,b_22,Stylonychia2,186.63091200000002,bemovi_mag_16,F,constant,increasing,increasing,3,553,6.741872121277091e-5
20221107,0,b_21,Stylonychia2,102.395232,bemovi_mag_16,F,constant,constant,increasing,3,554,4.498805470503292e-5
20221107,0,b_31,Stylonychia2,122.99212800000001,bemovi_mag_16,H,increasing,increasing,increasing,4,555,5.250897895810284e-5
20221107,0,b_06,Stylonychia2,99.82396800000001,bemovi_mag_16,B,constant,constant,constant,1,556,3.0260406084395787e-5
20221107,0,b_01,Paramecium_caudatum,285.13971200000003,bemovi_mag_25,A,increasing,constant,constant,1,557,4.043769073858718e-5
20221107,0,b_02,Paramecium_caudatum,210.863808,bemovi_mag_25,A,increasing,increasing,increasing,1,558,2.8826411478942883e-5
20221107,0,b_03,Paramecium_caudatum,163.631312,bemovi_mag_25,A,increasing,increasing,constant,1,559,2.3037435683459812e-5
20221107,0,b_04,Paramecium_caudatum,252.05204,bemovi_mag_25,A,increasing,constant,increasing,1,560,3.5038927219491046e-5
20221107,0,b_05,Paramecium_caudatum,270.807952,bemovi_mag_25,B,constant,constant,increasing,1,561,3.9028883995375774e-5
20221107,0,b_06,Paramecium_caudatum,369.13628800000004,bemovi_mag_25,B,constant,constant,constant,1,562,5.572674888604498e-5
20221107,0,b_07,Paramecium_caudatum,338.35416000000004,bemovi_mag_25,B,constant,increasing,increasing,1,563,4.781102146516686e-5
20221107,0,b_08,Paramecium_caudatum,143.691472,bemovi_mag_25,B,constant,increasing,constant,1,564,2.029595431469371e-5
20221107,0,b_09,Paramecium_caudatum,489.710008,bemovi_mag_25,C,constant,constant,increasing,2,565,7.138721756387372e-5
20221107,0,b_10,Paramecium_caudatum,224.01164,bemovi_mag_25,C,constant,increasing,constant,2,566,3.4119899211292656e-5
20221107,0,b_11,Paramecium_caudatum,303.023256,bemovi_mag_25,C,constant,constant,constant,2,567,4.3245632026179605e-5
20221107,0,b_12,Paramecium_caudatum,181.63948000000002,bemovi_mag_25,C,constant,increasing,increasing,2,568,2.4724357918824237e-5
20221107,0,b_13,Paramecium_caudatum,274.1728,bemovi_mag_25,D,increasing,constant,constant,2,569,3.612757387591883e-5
20221107,0,b_14,Paramecium_caudatum,347.202464,bemovi_mag_25,D,increasing,increasing,constant,2,570,5.247622386052062e-5
20221107,0,b_15,Paramecium_caudatum,269.37477600000005,bemovi_mag_25,D,increasing,increasing,increasing,2,571,3.587787509352678e-5
20221107,0,b_16,Paramecium_caudatum,278.783888,bemovi_mag_25,D,increasing,constant,increasing,2,572,4.093264266766203e-5
20221107,0,b_17,Paramecium_caudatum,268.502408,bemovi_mag_25,E,increasing,constant,increasing,3,573,3.744759072874998e-5
20221107,0,b_18,Paramecium_caudatum,213.605536,bemovi_mag_25,E,increasing,increasing,constant,3,574,2.5075561070307073e-5
20221107,0,b_19,Paramecium_caudatum,475.129,bemovi_mag_25,E,increasing,constant,constant,3,575,6.227009549308917e-5
20221107,0,b_20,Paramecium_caudatum,266.07224,bemovi_mag_25,E,increasing,increasing,increasing,3,576,3.4567491582181946e-5
20221107,0,b_21,Paramecium_caudatum,346.828592,bemovi_mag_25,F,constant,constant,increasing,3,577,4.9594201302504756e-5
20221107,0,b_22,Paramecium_caudatum,363.964392,bemovi_mag_25,F,constant,increasing,increasing,3,578,4.9462171506031086e-5
20221107,0,b_23,Paramecium_caudatum,325.26864,bemovi_mag_25,F,constant,increasing,constant,3,579,4.46198721825545e-5
20221107,0,b_24,Paramecium_caudatum,207.43664800000002,bemovi_mag_25,F,constant,constant,constant,3,580,2.4848043353066332e-5
20221107,0,b_25,Paramecium_caudatum,211.673864,bemovi_mag_25,G,constant,constant,constant,4,581,3.0086697526225164e-5
20221107,0,b_26,Paramecium_caudatum,290.872416,bemovi_mag_25,G,constant,constant,increasing,4,582,3.754136641265917e-5
20221107,0,b_27,Paramecium_caudatum,371.628768,bemovi_mag_25,G,constant,increasing,constant,4,583,4.840206148391331e-5
20221107,0,b_28,Paramecium_caudatum,191.23552800000002,bemovi_mag_25,G,constant,increasing,increasing,4,584,2.3776038294936484e-5
20221107,0,b_29,Paramecium_caudatum,305.3288,bemovi_mag_25,H,increasing,constant,constant,4,585,4.063483892286855e-5
20221107,0,b_30,Paramecium_caudatum,363.839768,bemovi_mag_25,H,increasing,constant,increasing,4,586,4.8650802410912566e-5
20221107,0,b_31,Paramecium_caudatum,200.33308,bemovi_mag_25,H,increasing,increasing,increasing,4,587,2.4724227024668493e-5
20221107,0,b_32,Paramecium_caudatum,285.264336,bemovi_mag_25,H,increasing,increasing,constant,4,588,3.599547786960969e-5
20221107,0,b_01,Paramecium_caudatum,401.49216,bemovi_mag_16,A,increasing,constant,constant,1,673,5.603000422794938e-4
20221107,0,b_02,Paramecium_caudatum,289.320768,bemovi_mag_16,A,increasing,increasing,increasing,1,674,4.155403884635459e-4
20221107,0,b_03,Paramecium_caudatum,265.188384,bemovi_mag_16,A,increasing,increasing,constant,1,675,4.0145535206996763e-4
20221107,0,b_04,Paramecium_caudatum,251.23392,bemovi_mag_16,A,increasing,constant,increasing,1,676,4.043125181532392e-4
20221107,0,b_05,Paramecium_caudatum,297.141696,bemovi_mag_16,B,constant,constant,increasing,1,677,4.264617138615628e-4
20221107,0,b_06,Paramecium_caudatum,415.500192,bemovi_mag_16,B,constant,constant,constant,1,678,6.302309298284059e-4
20221107,0,b_07,Paramecium_caudatum,314.631648,bemovi_mag_16,B,constant,increasing,increasing,1,679,4.561448760512162e-4
20221107,0,b_08,Paramecium_caudatum,259.215552,bemovi_mag_16,B,constant,increasing,constant,1,680,4.137087354986735e-4
20221107,0,b_09,Paramecium_caudatum,405.56332800000007,bemovi_mag_16,C,constant,constant,increasing,2,681,6.432580536245958e-4
20221107,0,b_10,Paramecium_caudatum,316.801152,bemovi_mag_16,C,constant,increasing,constant,2,682,4.639978618913213e-4
20221107,0,b_11,Paramecium_caudatum,254.635488,bemovi_mag_16,C,constant,constant,constant,2,683,3.8185196741283197e-4
20221107,0,b_12,Paramecium_caudatum,309.408768,bemovi_mag_16,C,constant,increasing,increasing,2,684,5.164048635825754e-4
20221107,0,b_13,Paramecium_caudatum,337.04985600000003,bemovi_mag_16,D,increasing,constant,constant,2,685,4.781124541194064e-4
20221107,0,b_14,Paramecium_caudatum,290.07072,bemovi_mag_16,D,increasing,increasing,constant,2,686,4.452890223574667e-4
20221107,0,b_15,Paramecium_caudatum,380.118528,bemovi_mag_16,D,increasing,increasing,increasing,2,687,5.383006209046321e-4
20221107,0,b_16,Paramecium_caudatum,366.51225600000004,bemovi_mag_16,D,increasing,constant,increasing,2,688,5.793643545241321e-4
20221107,0,b_17,Paramecium_caudatum,314.390592,bemovi_mag_16,E,increasing,constant,increasing,3,689,4.814417162873678e-4
20221107,0,b_18,Paramecium_caudatum,255.30508800000004,bemovi_mag_16,E,increasing,increasing,constant,3,690,3.51552782063658e-4
20221107,0,b_19,Paramecium_caudatum,258.251328,bemovi_mag_16,E,increasing,constant,constant,3,691,3.5643662676214225e-4
20221107,0,b_20,Paramecium_caudatum,235.35100799999998,bemovi_mag_16,E,increasing,increasing,increasing,3,692,3.5384897143433096e-4
20221107,0,b_21,Paramecium_caudatum,393.75158400000004,bemovi_mag_16,F,constant,constant,increasing,3,693,5.590295373022568e-4
20221107,0,b_22,Paramecium_caudatum,427.23158400000005,bemovi_mag_16,F,constant,increasing,increasing,3,694,6.546595854645785e-4
20221107,0,b_23,Paramecium_caudatum,275.098464,bemovi_mag_16,F,constant,increasing,constant,3,695,4.1113496146110665e-4
20221107,0,b_24,Paramecium_caudatum,274.910976,bemovi_mag_16,F,constant,constant,constant,3,696,3.880968486541462e-4
20221107,0,b_25,Paramecium_caudatum,208.674144,bemovi_mag_16,G,constant,constant,constant,4,697,2.8776917427691663e-4
20221107,0,b_26,Paramecium_caudatum,260.581536,bemovi_mag_16,G,constant,constant,increasing,4,698,3.6364846321285273e-4
20221107,0,b_27,Paramecium_caudatum,292.34736000000004,bemovi_mag_16,G,constant,increasing,constant,4,699,4.24024840330465e-4
20221107,0,b_28,Paramecium_caudatum,128.56320000000002,bemovi_mag_16,G,constant,increasing,increasing,4,700,2.0794813222728168e-4
20221107,0,b_29,Paramecium_caudatum,268.322112,bemovi_mag_16,H,increasing,constant,constant,4,701,3.920109509141093e-4
20221107,0,b_30,Paramecium_caudatum,449.83728,bemovi_mag_16,H,increasing,constant,increasing,4,702,5.873063761321331e-4
20221107,0,b_31,Paramecium_caudatum,261.144,bemovi_mag_16,H,increasing,increasing,increasing,4,703,4.010301221847654e-4
20221107,0,b_32,Paramecium_caudatum,237.30624,bemovi_mag_16,H,increasing,increasing,constant,4,704,3.5775415693845003e-4
20221107,0,b_01,Colpidium,256.938912,bemovi_mag_16,A,increasing,constant,constant,1,737,1.881878651271508e-4
20221107,0,b_02,Colpidium,174.444192,bemovi_mag_16,A,increasing,increasing,increasing,1,738,1.1363669266053943e-4
20221107,0,b_03,Colpidium,144.23184,bemovi_mag_16,A,increasing,increasing,constant,1,739,8.745226641772594e-5
20221107,0,b_04,Colpidium,203.879808,bemovi_mag_16,A,increasing,constant,increasing,1,740,1.451989816379301e-4
20221107,0,b_05,Colpidium,181.51516800000002,bemovi_mag_16,B,constant,constant,increasing,1,741,1.2060783002596572e-4
20221107,0,b_06,Colpidium,128.83104,bemovi_mag_16,B,constant,constant,constant,1,742,1.083605786411196e-4
20221107,0,b_07,Colpidium,166.114368,bemovi_mag_16,B,constant,increasing,increasing,1,743,1.1587122403917564e-4
20221107,0,b_08,Colpidium,141.74092800000003,bemovi_mag_16,B,constant,increasing,constant,1,744,9.290475259560812e-5
20221107,0,b_09,Colpidium,163.3824,bemovi_mag_16,C,constant,constant,increasing,2,745,1.2150551124756705e-4
20221107,0,b_10,Colpidium,93.42259200000001,bemovi_mag_16,C,constant,increasing,constant,2,746,6.311249522333624e-5
20221107,0,b_11,Colpidium,255.599712,bemovi_mag_16,C,constant,constant,constant,2,747,1.7031551031131316e-4
20221107,0,b_12,Colpidium,172.515744,bemovi_mag_16,C,constant,increasing,increasing,2,748,1.1809146345105385e-4
20221107,0,b_13,Colpidium,148.06195200000002,bemovi_mag_16,D,increasing,constant,constant,2,749,9.835077188756556e-5
20221107,0,b_14,Colpidium,128.911392,bemovi_mag_16,D,increasing,increasing,constant,2,750,8.844192557260287e-5
20221107,0,b_15,Colpidium,172.274688,bemovi_mag_16,D,increasing,increasing,increasing,2,751,1.2837770462368077e-4
20221107,0,b_16,Colpidium,216.789696,bemovi_mag_16,D,increasing,constant,increasing,2,752,1.619190230543523e-4
20221107,0,b_17,Colpidium,123.07248,bemovi_mag_16,E,increasing,constant,increasing,3,753,1.0990289881907931e-4
20221107,0,b_18,Colpidium,174.604896,bemovi_mag_16,E,increasing,increasing,constant,3,754,1.2506432106605485e-4
20221107,0,b_19,Colpidium,214.834464,bemovi_mag_16,E,increasing,constant,constant,3,755,1.4225591832077997e-4
20221107,0,b_20,Colpidium,200.61216,bemovi_mag_16,E,increasing,increasing,increasing,3,756,1.345684803916082e-4
20221107,0,b_21,Colpidium,201.496032,bemovi_mag_16,F,constant,constant,increasing,3,757,1.4436103388757194e-4
20221107,0,b_22,Colpidium,251.716032,bemovi_mag_16,F,constant,increasing,increasing,3,758,1.6013546720970546e-4
20221107,0,b_23,Colpidium,207.84384,bemovi_mag_16,F,constant,increasing,constant,3,759,1.4058381272367518e-4
20221107,0,b_24,Colpidium,256.778208,bemovi_mag_16,F,constant,constant,constant,3,760,1.7256758393061818e-4
20221107,0,b_25,Colpidium,145.758528,bemovi_mag_16,G,constant,constant,constant,4,761,1.0081179496098533e-4
20221107,0,b_26,Colpidium,93.717216,bemovi_mag_16,G,constant,constant,increasing,4,762,6.034951835863795e-5
20221107,0,b_27,Colpidium,229.619232,bemovi_mag_16,G,constant,increasing,constant,4,763,1.5266801788693334e-4
20221107,0,b_28,Colpidium,115.27833600000001,bemovi_mag_16,G,constant,increasing,increasing,4,764,7.406222965115333e-5
20221107,0,b_29,Colpidium,153.525888,bemovi_mag_16,H,increasing,constant,constant,4,765,9.768045757575168e-5
20221107,0,b_30,Colpidium,197.93376,bemovi_mag_16,H,increasing,constant,increasing,4,766,1.0879392523115714e-4
20221107,0,b_31,Colpidium,147.070944,bemovi_mag_16,H,increasing,increasing,increasing,4,767,9.282402651043151e-5
20221107,0,b_32,Colpidium,111.983904,bemovi_mag_16,H,increasing,increasing,constant,4,768,6.313507700266969e-5
20221107,0,b_01,Stylonychia2,80.67340800000001,bemovi_mag_16,A,increasing,constant,constant,1,1041,4.51172491283805e-5
20221107,0,b_02,Stylonychia2,184.27392,bemovi_mag_16,A,increasing,increasing,increasing,1,1042,7.778922980303853e-5
20221107,0,b_03,Stylonychia2,125.21520000000001,bemovi_mag_16,A,increasing,increasing,constant,1,1043,5.119965890407566e-5
20221107,0,b_04,Stylonychia2,121.59936,bemovi_mag_16,A,increasing,constant,increasing,1,1044,4.826668695508521e-5
20221107,0,b_05,Stylonychia2,116.5104,bemovi_mag_16,B,constant,constant,increasing,1,1045,5.0188947926189814e-5
20221107,0,b_07,Stylonychia2,134.00035200000002,bemovi_mag_16,B,constant,increasing,increasing,1,1046,4.525552966326171e-5
20221107,0,b_08,Stylonychia2,139.25001600000002,bemovi_mag_16,B,constant,increasing,constant,1,1047,7.10024595708891e-5
20221107,0,b_09,Stylonychia2,132.125472,bemovi_mag_16,C,constant,constant,increasing,2,1048,6.975556537052486e-5
20221107,0,b_10,Stylonychia2,123.099264,bemovi_mag_16,C,constant,increasing,constant,2,1049,3.9811183259118616e-5
20221107,0,b_11,Stylonychia2,101.56492800000001,bemovi_mag_16,C,constant,constant,constant,2,1050,5.0888867735147474e-5
20221107,0,b_12,Stylonychia2,100.14537600000001,bemovi_mag_16,C,constant,increasing,increasing,2,1051,4.689506287575553e-5
20221107,0,b_13,Stylonychia2,91.03881600000001,bemovi_mag_16,D,increasing,constant,constant,2,1052,3.711332337269383e-5
20221107,0,b_14,Stylonychia2,154.329408,bemovi_mag_16,D,increasing,increasing,constant,2,1053,7.553919388093775e-5
20221107,0,b_15,Stylonychia2,139.54464000000002,bemovi_mag_16,D,increasing,increasing,increasing,2,1054,5.5781997624492775e-5
20221107,0,b_16,Stylonychia2,131.857632,bemovi_mag_16,D,increasing,constant,increasing,2,1055,4.867284722681624e-5
20221107,0,b_17,Stylonychia2,120.01910400000001,bemovi_mag_16,E,increasing,constant,increasing,3,1056,3.94751556061394e-5
20221107,0,b_18,Stylonychia2,167.23929600000002,bemovi_mag_16,E,increasing,increasing,constant,3,1057,5.8148995653367566e-5
20221107,0,b_19,Stylonychia2,128.10787200000001,bemovi_mag_16,E,increasing,constant,constant,3,1058,5.5621600053988e-5
20221107,0,b_20,Stylonychia2,112.89456,bemovi_mag_16,E,increasing,increasing,increasing,3,1059,6.034841800748678e-5
20221107,0,b_23,Stylonychia2,135.018144,bemovi_mag_16,F,constant,increasing,constant,3,1060,4.879040537044396e-5
20221107,0,b_24,Stylonychia2,150.445728,bemovi_mag_16,F,constant,constant,constant,3,1061,9.734308561116211e-5
20221107,0,b_25,Stylonychia2,122.965344,bemovi_mag_16,G,constant,constant,constant,4,1062,4.300543334905625e-5
20221107,0,b_26,Stylonychia2,134.375328,bemovi_mag_16,G,constant,constant,increasing,4,1063,5.276861646340751e-5
20221107,0,b_27,Stylonychia2,145.115712,bemovi_mag_16,G,constant,increasing,constant,4,1064,5.81549642571845e-5
20221107,0,b_28,Stylonychia2,109.037664,bemovi_mag_16,G,constant,increasing,increasing,4,1065,8.232502568466744e-5
20221107,0,b_29,Stylonychia2,126.982944,bemovi_mag_16,H,increasing,constant,constant,4,1066,5.3607196091748914e-5
20221107,0,b_30,Stylonychia2,173.66745600000002,bemovi_mag_16,H,increasing,constant,increasing,4,1067,7.524333365632726e-5
20221107,0,b_32,Stylonychia2,129.286368,bemovi_mag_16,H,increasing,increasing,constant,4,1068,4.358976825966382e-5
